TransactionID,DeviceType,DeviceInfo,fraude,Timestamp Transaction,Montant â‚¬,Code Produit,Carte 1,Adresse Hash 1,Adresse Hash 2,Distance Facturation,Distance Livraison,Domaine Email Login,Domaine email livraison
3071772,mobile,iOS Device,0.0,1801854.0,50.0,H,14215.0,433.0,87.0,,,yahoo.com,yahoo.com
3019803,desktop,Windows,0.0,828061.0,50.0,H,18227.0,441.0,87.0,,,anonymous.com,
3079782,desktop,MacOS,0.0,1913505.0,100.0,H,11325.0,123.0,87.0,,,gmail.com,msn.com
3034183,mobile,,0.0,1119909.0,20.638,C,9633.0,,,,,gmail.com,gmail.com
3051644,mobile,iOS Device,0.0,1458622.0,20.0,S,18375.0,325.0,87.0,,,,gmail.com
3048400,mobile,Android 5.1.1,0.0,1386265.0,64.13,C,16136.0,,,,,gmail.com,gmail.com
3062463,desktop,Windows,0.0,1647971.0,100.0,H,6019.0,330.0,87.0,,,ptd.net,
3077367,desktop,Windows,0.0,1887370.0,50.35,C,13832.0,,,,0.0,gmail.com,gmail.com
3077414,desktop,MacOS,0.0,1887716.0,200.0,R,6019.0,205.0,87.0,,,mac.com,mac.com
3010399,desktop,MacOS,0.0,598517.0,100.0,H,8695.0,310.0,87.0,,,anonymous.com,
2996614,mobile,iOS Device,0.0,277893.0,25.0,H,10313.0,469.0,87.0,,,ymail.com,
3033176,desktop,MacOS,0.0,1106535.0,350.0,R,10486.0,264.0,87.0,,,anonymous.com,verizon.net
3019238,mobile,iOS Device,0.0,787714.0,25.0,S,7207.0,204.0,87.0,,29.0,,
3007159,desktop,Windows,0.0,519259.0,53.29,C,3154.0,,,,349.0,yahoo.com,yahoo.com
2996488,mobile,iOS Device,0.0,271955.0,20.0,H,13307.0,181.0,87.0,,176.0,gmail.com,anonymous.com
3042344,desktop,MacOS,0.0,1287412.0,150.0,H,6019.0,315.0,87.0,,,me.com,
3020583,desktop,Windows,0.0,840583.0,30.0,H,18268.0,441.0,87.0,,,gmail.com,
2988227,desktop,Trident/7.0,0.0,128340.0,11.782,C,4461.0,,,,30.0,hotmail.com,hotmail.com
3001079,desktop,Windows,0.0,406167.0,75.0,H,17188.0,225.0,87.0,,,yahoo.com,
3027622,desktop,Windows,0.0,1006149.0,40.0,S,16075.0,123.0,87.0,,,,anonymous.com
3027489,desktop,Windows,0.0,1004282.0,125.0,R,8325.0,204.0,87.0,,20.0,anonymous.com,anonymous.com
3017321,desktop,rv:11.0,0.0,761911.0,200.0,R,2616.0,264.0,87.0,,334.0,gmail.com,anonymous.com
3075789,desktop,Windows,0.0,1873856.0,50.0,R,6209.0,512.0,87.0,,,gmail.com,yahoo.com
2998399,desktop,Windows,0.0,336742.0,75.0,H,6174.0,205.0,87.0,,,yahoo.com,hotmail.com
3050738,desktop,rv:57.0,0.0,1449045.0,25.0,H,11218.0,184.0,87.0,,,hotmail.com,
3033792,desktop,Trident/7.0,0.0,1114515.0,50.0,H,7826.0,184.0,87.0,,,comcast.net,comcast.net
3043804,mobile,SAMSUNG SM-G531H Build/LMY48B,0.0,1306363.0,3.44,C,12184.0,,,,,gmail.com,gmail.com
3039305,desktop,,0.0,1219927.0,80.0,H,9449.0,226.0,87.0,,,gmail.com,gmail.com
3025309,desktop,Windows,0.0,942248.0,40.0,S,2443.0,184.0,87.0,,65.0,,gmail.com
3052866,mobile,Moto G (5) Build/NPP25.137-72,0.0,1475191.0,33.814,C,15885.0,,,,,gmail.com,gmail.com
3012146,desktop,Windows,0.0,657175.0,50.0,H,6019.0,264.0,87.0,,,gmail.com,
3002073,desktop,Trident/7.0,0.0,418885.0,25.0,S,1083.0,330.0,87.0,,,,anonymous.com
3068925,mobile,iOS Device,0.0,1764459.0,250.0,R,18268.0,181.0,87.0,,20.0,gmail.com,comcast.net
3049212,desktop,Windows,0.0,1404924.0,75.0,S,3033.0,310.0,87.0,,,,hotmail.com
3024277,desktop,Windows,0.0,929014.0,30.0,S,7769.0,330.0,87.0,,,,yahoo.com
3072622,,,0.0,1809899.0,100.0,R,10476.0,433.0,87.0,,,yahoo.com,yahoo.com
3077325,desktop,Windows,0.0,1887008.0,150.0,R,17396.0,126.0,87.0,,,anonymous.com,anonymous.com
3033115,desktop,MacOS,0.0,1105923.0,200.0,R,15063.0,299.0,87.0,,,gmail.com,anonymous.com
3040453,desktop,Trident/7.0,0.0,1265630.0,100.0,R,7508.0,110.0,87.0,,,anonymous.com,anonymous.com
3076432,mobile,SM-G955U Build/NRD90M,0.0,1879740.0,118.0,H,10509.0,337.0,87.0,,,yahoo.com,gmail.com
3027876,desktop,Windows,0.0,1009170.0,100.0,H,9749.0,330.0,87.0,,,hotmail.com,
3008457,desktop,Windows,0.0,569337.0,125.0,R,5901.0,264.0,87.0,,,gmail.com,anonymous.com
3044547,mobile,iOS Device,0.0,1343720.0,30.0,H,1342.0,325.0,87.0,,,gmail.com,gmail.com
3050595,desktop,MacOS,0.0,1447474.0,150.0,R,16075.0,472.0,87.0,,,gmail.com,gmail.com
3018531,desktop,Windows,0.0,776683.0,267.16,C,8755.0,210.0,60.0,,,hotmail.com,hotmail.com
3077500,desktop,rv:57.0,0.0,1888439.0,57.876,C,3154.0,,,,7.0,gmail.com,gmail.com
3003747,mobile,,0.0,440468.0,9.305,C,5812.0,,,,74.0,gmail.com,gmail.com
3076582,desktop,Windows,0.0,1880887.0,86.051,C,8755.0,,,,546.0,hotmail.com,hotmail.com
3083315,mobile,iOS Device,0.0,1969422.0,125.0,R,5663.0,181.0,87.0,,,gmail.com,me.com
3083777,desktop,rv:11.0,0.0,1972601.0,250.0,R,1724.0,204.0,87.0,,966.0,gmail.com,gmail.com
3035602,desktop,Trident/7.0,0.0,1165734.0,250.0,R,4937.0,184.0,87.0,,43.0,yahoo.com,gmail.com
3086952,desktop,Windows,0.0,2004997.0,25.0,H,7861.0,327.0,87.0,,166.0,earthlink.net,anonymous.com
3047369,mobile,iOS Device,0.0,1374649.0,250.0,R,7585.0,299.0,87.0,,,gmail.com,yahoo.com
3004392,desktop,Trident/7.0,0.0,476008.0,75.0,H,13844.0,330.0,87.0,,,gmail.com,
2995368,desktop,,0.0,252094.0,15.0,H,7941.0,181.0,87.0,,,aol.com,
3031398,mobile,,0.0,1057369.0,15.158,C,3611.0,,,,,gmail.com,gmail.com
3057924,desktop,MALC,0.0,1602725.0,100.0,H,3652.0,325.0,87.0,,,anonymous.com,
3065657,desktop,Trident/7.0,0.0,1711749.0,75.0,R,17188.0,310.0,87.0,,,anonymous.com,anonymous.com
3063184,mobile,SM-G930V Build/NRD90M,0.0,1658371.0,200.0,R,9749.0,226.0,87.0,,,gmail.com,gmail.com
2990493,desktop,Windows,0.0,156014.0,15.0,H,12695.0,325.0,87.0,,,gmail.com,anonymous.com
3080574,desktop,Windows,0.0,1947698.0,200.0,R,16075.0,123.0,87.0,,,anonymous.com,anonymous.com
3074349,mobile,orbis,0.0,1832699.0,19.239,C,9300.0,,,,,outlook.es,outlook.es
3046312,desktop,Trident/7.0,0.0,1363944.0,150.0,R,9350.0,420.0,87.0,,,yahoo.com,anonymous.com
3043840,desktop,Windows,0.0,1306958.0,30.0,S,4141.0,330.0,87.0,,,,outlook.com
3086774,desktop,Windows,0.0,2001623.0,23.553,C,3702.0,,,,0.0,hotmail.com,hotmail.com
2999241,desktop,,0.0,347989.0,6.223,C,6999.0,,,,,hotmail.com,hotmail.com
2997898,desktop,MacOS,0.0,328787.0,200.0,R,2616.0,327.0,87.0,,,yahoo.com,yahoo.com
3075941,,,0.0,1875269.0,50.0,R,5938.0,299.0,87.0,,,anonymous.com,anonymous.com
3045524,mobile,iOS Device,0.0,1355724.0,100.0,H,9803.0,441.0,87.0,,,gmail.com,gmail.com
3083823,desktop,MacOS,0.0,1972949.0,100.0,R,6019.0,327.0,87.0,,,yahoo.com,yahoo.com
3031129,desktop,,0.0,1049834.0,134.906,C,4504.0,508.0,60.0,,517.0,hotmail.com,hotmail.com
3024765,mobile,iOS Device,0.0,935514.0,200.0,H,6659.0,123.0,87.0,,,embarqmail.com,embarqmail.com
3050043,desktop,rv:11.0,0.0,1441019.0,200.0,R,8468.0,433.0,87.0,,,gmail.com,gmail.com
3079321,desktop,Windows,0.0,1907129.0,1000.0,R,7144.0,337.0,87.0,,,anonymous.com,aol.com
2997441,mobile,iOS Device,0.0,321448.0,100.0,H,13497.0,469.0,87.0,,,gmail.com,gmail.com
3027452,,,0.0,1003867.0,40.0,H,1724.0,472.0,87.0,,,yahoo.com,anonymous.com
3001916,mobile,iOS Device,0.0,416663.0,175.0,R,6054.0,264.0,87.0,,,yahoo.com,gmail.com
3010273,desktop,Windows,0.0,596907.0,75.0,H,2074.0,485.0,87.0,,,gmail.com,
3001201,desktop,Windows,0.0,407833.0,150.0,H,7585.0,310.0,87.0,,,aol.com,gmail.com
3044092,desktop,Windows,0.0,1312685.0,75.0,R,2616.0,299.0,87.0,,,gmail.com,gmail.com
3075438,desktop,rv:50.0,0.0,1870388.0,300.0,R,12544.0,441.0,87.0,,,anonymous.com,anonymous.com
3076964,desktop,Trident/7.0,0.0,1883737.0,275.0,R,3397.0,337.0,87.0,,,msn.com,anonymous.com
3012270,desktop,Windows,0.0,659583.0,100.0,H,15773.0,384.0,87.0,,,comcast.net,
3027507,desktop,Windows,0.0,1004521.0,25.0,S,5714.0,272.0,87.0,,46.0,,gmail.com
3048946,desktop,Windows,0.0,1394857.0,21.73,C,5812.0,,,,130.0,gmail.com,gmail.com
3073994,desktop,Windows,0.0,1825771.0,50.0,R,6019.0,264.0,87.0,,,yahoo.com,yahoo.com
3082749,desktop,Windows,0.0,1965699.0,50.0,H,18343.0,327.0,87.0,,,sbcglobal.net,sbcglobal.net
3056860,desktop,Windows,0.0,1562895.0,172.568,C,3154.0,,,,21.0,hotmail.com,hotmail.com
3025932,mobile,iOS Device,0.0,950180.0,250.0,R,1333.0,123.0,87.0,,3.0,comcast.net,comcast.net
3041178,mobile,SM-G930V Build/NRD90M,0.0,1274040.0,500.0,R,10616.0,191.0,87.0,,,gmail.com,anonymous.com
3076939,desktop,MacOS,0.0,1883533.0,50.0,R,17480.0,143.0,87.0,,,yahoo.com,anonymous.com
3080114,mobile,iOS Device,0.0,1920174.0,100.0,R,15497.0,299.0,87.0,,8.0,mail.com,hotmail.com
3026436,desktop,Windows,0.0,957824.0,99.11,C,6751.0,465.0,60.0,,13.0,prodigy.net.mx,prodigy.net.mx
3059897,desktop,Windows,0.0,1623952.0,75.0,H,12544.0,441.0,87.0,,,gmail.com,anonymous.com
3077235,,,0.0,1886258.0,100.0,R,14998.0,337.0,87.0,,,gmail.com,gmail.com
2989174,mobile,TRT-L53 Build/HUAWEITRT-L53,0.0,143564.0,16.918,C,9633.0,,,,,hotmail.com,hotmail.com
3077021,mobile,SM-T113NU Build/KTU84P,0.0,1884303.0,9.678,C,5812.0,,,,17.0,gmail.com,gmail.com
3083450,desktop,Windows,0.0,1970390.0,150.0,R,2903.0,343.0,87.0,,,gmail.com,gmail.com
3025737,desktop,Windows,0.0,947758.0,30.0,H,15497.0,299.0,87.0,,,sbcglobal.net,
3078320,desktop,Windows,0.0,1895966.0,94.912,C,16746.0,,,,5.0,hotmail.com,hotmail.com
3036395,desktop,Windows,0.0,1182691.0,10.0,S,12544.0,184.0,87.0,,576.0,,gmail.com
3039198,mobile,iOS Device,0.0,1218194.0,150.0,R,13526.0,181.0,87.0,,,hotmail.com,hotmail.com
3002283,desktop,Windows,0.0,421321.0,132.561,C,2801.0,,,,0.0,hotmail.com,hotmail.com
2993167,mobile,SAMSUNG-SM-G891A Build/NRD90M,0.0,195604.0,75.0,H,7040.0,299.0,87.0,,,gmail.com,gmail.com
3068321,desktop,MacOS,0.0,1739791.0,80.0,H,12581.0,494.0,87.0,,,gmail.com,gmail.com
3073112,mobile,iOS Device,0.0,1814697.0,75.0,R,11319.0,272.0,87.0,,,gmail.com,gmail.com
3075532,desktop,rv:57.0,0.0,1871452.0,100.0,R,16485.0,330.0,87.0,,,me.com,me.com
3085328,desktop,Windows,0.0,1984874.0,100.0,H,10330.0,512.0,87.0,,,msn.com,msn.com
3017597,desktop,Trident/7.0,0.0,765637.0,100.0,R,7585.0,110.0,87.0,,,anonymous.com,anonymous.com
3001613,desktop,MacOS,0.0,413079.0,60.0,S,16659.0,330.0,87.0,,,,me.com
3000293,desktop,Windows,0.0,391329.0,30.0,S,6019.0,203.0,87.0,,,,gmail.com
3040326,mobile,iOS Device,0.0,1264069.0,25.0,H,4112.0,251.0,87.0,,,anonymous.com,
3076957,desktop,rv:11.0,0.0,1883684.0,20.0,H,4121.0,325.0,87.0,,,gmail.com,anonymous.com
3048480,mobile,iOS Device,0.0,1387232.0,50.0,H,7585.0,126.0,87.0,,,gmail.com,
3063300,desktop,,0.0,1661696.0,175.25,C,5812.0,,,,1556.0,gmail.com,gmail.com
3021500,desktop,MacOS,0.0,852059.0,25.0,H,9803.0,226.0,87.0,,,hotmail.com,
2990238,desktop,Windows,0.0,153639.0,55.0,S,10616.0,330.0,87.0,,2.0,,yahoo.com
3041805,desktop,MacOS,0.0,1281004.0,150.0,R,15757.0,310.0,87.0,,12.0,anonymous.com,anonymous.com
3053261,desktop,Windows,0.0,1485051.0,50.0,H,12544.0,337.0,87.0,,,verizon.net,gmail.com
3020274,desktop,Windows,0.0,836712.0,50.0,H,4121.0,126.0,87.0,,,hotmail.com,
3063942,mobile,iOS Device,0.0,1694085.0,200.0,H,9500.0,330.0,87.0,,,comcast.net,
3037578,desktop,Windows,0.0,1196171.0,150.0,R,12425.0,387.0,87.0,,,anonymous.com,anonymous.com
3071312,desktop,MacOS,0.0,1797323.0,300.0,R,3260.0,272.0,87.0,,,att.net,att.net
3080017,mobile,,0.0,1917954.0,53.869,C,16136.0,,,,,gmail.com,gmail.com
3021884,desktop,Windows,0.0,855987.0,300.0,R,6019.0,330.0,87.0,,38.0,comcast.net,comcast.net
3010587,mobile,GT-P5210 Build/JDQ39,0.0,601460.0,20.785,C,10086.0,161.0,60.0,,0.0,hotmail.com,hotmail.com
3084323,mobile,iOS Device,0.0,1976946.0,50.0,R,1804.0,181.0,87.0,,,yahoo.com,yahoo.com
3009423,desktop,Windows,0.0,585265.0,100.0,R,12883.0,441.0,87.0,,,yahoo.com,gmail.com
3041324,desktop,,0.0,1275743.0,62.615,C,2256.0,,,,,yahoo.com.mx,yahoo.com.mx
3019446,mobile,iOS Device,0.0,793072.0,50.0,H,1225.0,204.0,87.0,,,aol.com,
3063759,mobile,iOS Device,0.0,1691057.0,75.0,H,4030.0,126.0,87.0,,,gmail.com,gmail.com
3084702,mobile,Pixel,0.0,1979861.0,150.0,R,17399.0,204.0,87.0,,,gmail.com,cfl.rr.com
3062528,desktop,MacOS,0.0,1648762.0,50.0,H,8727.0,485.0,87.0,,,anonymous.com,gmail.com
3061706,desktop,Windows,0.0,1640620.0,50.0,S,12253.0,330.0,87.0,,,,gmail.com
3048182,mobile,Android 5.1.1,0.0,1383670.0,64.13,C,16136.0,,,,,gmail.com,gmail.com
3050411,mobile,BLADE A520 Build/NRD90M,0.0,1445320.0,72.525,C,7488.0,,,,,gmail.com,gmail.com
3027987,desktop,Windows,0.0,1010809.0,15.0,H,16075.0,469.0,87.0,,,gmail.com,
3005587,desktop,Windows,0.0,498110.0,50.0,H,10740.0,264.0,87.0,,,gmail.com,
3082938,desktop,Windows,0.0,1966950.0,250.0,R,10374.0,315.0,87.0,,,gmail.com,aol.com
3063569,desktop,Windows,0.0,1685335.0,75.0,R,8491.0,387.0,87.0,,,gmail.com,gmail.com
3078498,mobile,iOS Device,0.0,1897935.0,100.0,R,2254.0,343.0,87.0,,,yahoo.com,yahoo.com
3063243,mobile,SM-G950U Build/NRD90M,0.0,1659855.0,50.0,R,12839.0,310.0,87.0,,,hotmail.com,gmail.com
3039623,desktop,MacOS,0.0,1226586.0,100.0,R,10486.0,299.0,87.0,,,yahoo.com,gmail.com
3076798,desktop,Windows,0.0,1882530.0,25.419,C,4461.0,,,,325.0,gmail.com,gmail.com
3077339,mobile,SM-J700M Build/MMB29K,0.0,1887101.0,70.426,C,5812.0,,,,,gmail.com,gmail.com
3068432,desktop,MacOS,0.0,1741678.0,100.0,H,6019.0,299.0,87.0,,,gmail.com,gmail.com
3052713,mobile,iOS Device,0.0,1472717.0,50.0,H,6019.0,324.0,87.0,,,gmail.com,
3046279,mobile,iOS Device,0.0,1363630.0,175.0,R,2482.0,324.0,87.0,,,aol.com,hotmail.com
3063133,desktop,Windows,0.0,1657204.0,52.237,C,1976.0,,,,258.0,hotmail.com,hotmail.com
3080932,desktop,Trident/7.0,0.0,1952574.0,100.0,R,17321.0,472.0,87.0,,,comcast.net,comcast.net
3047939,desktop,Windows,0.0,1380552.0,17.14,C,13413.0,,,,7.0,anonymous.com,anonymous.com
3053769,desktop,Windows,0.0,1523644.0,200.0,R,18246.0,272.0,87.0,,,bellsouth.net,me.com
3013629,desktop,Windows,0.0,677627.0,100.0,R,7585.0,441.0,87.0,,,gmail.com,gmail.com
3075050,desktop,Windows,0.0,1866279.0,300.0,R,10486.0,204.0,87.0,,,hotmail.com,anonymous.com
3004944,,,0.0,488830.0,25.0,H,16075.0,226.0,87.0,,,yahoo.com,
3065126,desktop,MacOS,0.0,1706764.0,200.0,R,15985.0,469.0,87.0,,,yahoo.com,anonymous.com
3032725,desktop,Trident/7.0,0.0,1101226.0,40.0,S,16075.0,330.0,87.0,,15.0,,yahoo.com
3057039,desktop,Windows,0.0,1565305.0,100.0,R,1306.0,181.0,87.0,,,gmail.com,gmail.com
2988749,desktop,Windows,0.0,138467.0,4.471,C,17288.0,,,,,hotmail.com,hotmail.com
3049707,desktop,Windows,0.0,1436602.0,300.0,R,1724.0,337.0,87.0,,7.0,msn.com,msn.com
3016021,desktop,Windows,0.0,745049.0,100.0,S,12581.0,330.0,87.0,,,,aol.com
3014182,desktop,Windows,0.0,684774.0,250.0,R,7709.0,299.0,87.0,,,anonymous.com,anonymous.com
3063222,mobile,iOS Device,0.0,1659186.0,150.0,H,3178.0,299.0,87.0,,,sbcglobal.net,
3037458,desktop,Trident/7.0,0.0,1194662.0,125.0,R,16659.0,269.0,87.0,,5.0,bellsouth.net,bellsouth.net
3042476,mobile,LGLS991,0.0,1288903.0,75.0,H,5772.0,184.0,87.0,,,verizon.net,
3055154,mobile,HUAWEI NXT-L09 Build/HUAWEINXT-L09,0.0,1542502.0,29.966,C,3154.0,,,,,gmail.com,gmail.com
3064743,desktop,Windows,0.0,1703309.0,100.0,R,18268.0,264.0,87.0,,,anonymous.com,anonymous.com
3042672,desktop,Windows,0.0,1291260.0,200.0,R,6019.0,441.0,87.0,,,gmail.com,gmail.com
3000812,desktop,Windows,0.0,402859.0,75.0,S,10754.0,337.0,87.0,,,,gmail.com
3018779,desktop,Trident/7.0,0.0,779939.0,500.0,R,5097.0,204.0,87.0,,,yahoo.com,yahoo.com
3064004,,,0.0,1694870.0,25.0,H,6019.0,143.0,87.0,,,gmail.com,gmail.com
2998360,mobile,iOS Device,0.0,336333.0,50.0,H,15497.0,299.0,87.0,,,yahoo.com,gmail.com
3022661,desktop,Windows,0.0,866031.0,100.0,R,13272.0,299.0,87.0,,,aol.com,aol.com
3060176,desktop,Windows,0.0,1626271.0,50.0,H,15063.0,231.0,87.0,,,aol.com,aol.com
3030023,desktop,MacOS,0.0,1034056.0,250.0,R,11862.0,184.0,87.0,,7.0,gmail.com,gmail.com
2990683,desktop,Windows,0.0,157851.0,50.0,H,5221.0,325.0,87.0,,,aol.com,
3083856,mobile,,0.0,1973216.0,34.105,C,1976.0,,,,,hotmail.com,hotmail.com
3028077,desktop,Trident/7.0,0.0,1011986.0,125.0,R,17232.0,469.0,87.0,,,gmail.com,yahoo.com
3005684,desktop,Windows,0.0,499434.0,100.0,R,6019.0,441.0,87.0,,709.0,gmail.com,gmail.com
3055676,mobile,iOS Device,0.0,1548409.0,25.0,H,18227.0,330.0,87.0,,,hotmail.com,
3065758,desktop,rv:11.0,0.0,1712603.0,100.0,R,14098.0,387.0,87.0,,,aol.com,aol.com
3076653,desktop,Windows,0.0,1881399.0,100.0,R,17868.0,472.0,87.0,,,gmail.com,gmail.com
3062703,mobile,iOS Device,0.0,1650941.0,150.0,R,15063.0,194.0,87.0,,,anonymous.com,anonymous.com
3016273,desktop,Windows,0.0,748827.0,50.0,H,7326.0,226.0,87.0,,,anonymous.com,
3010242,desktop,Windows,0.0,596485.0,200.0,R,1724.0,225.0,87.0,,,msn.com,anonymous.com
3005508,desktop,Windows,0.0,497052.0,50.0,H,14479.0,325.0,87.0,,,aol.com,aol.com
3054726,desktop,MacOS,0.0,1537313.0,100.0,H,16659.0,327.0,87.0,,,gmail.com,
3075525,desktop,MacOS,0.0,1871356.0,100.0,R,2039.0,476.0,87.0,,,aol.com,gmail.com
3031591,desktop,MacOS,0.0,1079991.0,100.0,R,2810.0,123.0,87.0,,,yahoo.com,yahoo.com
3026075,desktop,Windows,0.0,952351.0,37.895,C,15885.0,239.0,60.0,,343.0,hotmail.com,hotmail.com
3047382,desktop,Windows,0.0,1374796.0,1000.0,R,2655.0,264.0,87.0,,17.0,anonymous.com,anonymous.com
3043728,mobile,XT1635-02 Build/NPN26.118-22-2,0.0,1305352.0,24.719,C,11201.0,,,,,outlook.com,outlook.com
3017196,desktop,Windows,0.0,760290.0,15.0,S,2616.0,441.0,87.0,,,,gmail.com
3083926,desktop,MacOS,0.0,1973790.0,250.0,R,5097.0,315.0,87.0,,18.0,gmail.com,anonymous.com
3039183,mobile,iOS Device,0.0,1218027.0,100.0,R,1724.0,315.0,87.0,,,yahoo.com,anonymous.com
2987100,mobile,SM-G930V Build/NRD90M,0.0,88169.0,100.0,H,16659.0,330.0,87.0,,,comcast.net,
3068847,desktop,Windows,0.0,1753211.0,250.0,R,3419.0,387.0,87.0,,,gmail.com,gmail.com
3082133,mobile,iOS Device,0.0,1961792.0,50.0,H,16659.0,299.0,87.0,,,anonymous.com,gmail.com
3007910,mobile,SM-G610M Build/MMB29K,0.0,532272.0,47.732,C,4461.0,148.0,60.0,,361.0,gmail.com,gmail.com
3078703,,,0.0,1900153.0,8.978,C,16136.0,,,,,gmail.com,gmail.com
3061851,desktop,,0.0,1641962.0,76.49,C,15885.0,,,,348.0,live.com,live.com
3023924,desktop,Windows,0.0,923245.0,25.0,H,3939.0,226.0,87.0,,,gmail.com,gmail.com
3006441,desktop,Trident/7.0,0.0,509791.0,200.0,H,5172.0,184.0,87.0,,,icloud.com,
3010621,desktop,Windows,0.0,601966.0,15.0,S,2616.0,441.0,87.0,,,,aol.com
3060570,desktop,MacOS,0.0,1630075.0,50.0,H,6019.0,315.0,87.0,,,gmail.com,gmail.com
3064115,desktop,Windows,0.0,1696666.0,75.0,H,7723.0,264.0,87.0,,,anonymous.com,anonymous.com
3013441,desktop,MacOS,0.0,675194.0,50.0,H,10486.0,205.0,87.0,,,gmail.com,
3050156,desktop,,0.0,1442413.0,144.817,C,17384.0,,,,354.0,hotmail.com,hotmail.com
3025502,desktop,Windows,0.0,944587.0,150.0,H,10486.0,325.0,87.0,,,gmail.com,gmail.com
3064233,mobile,iOS Device,0.0,1698168.0,50.0,S,6019.0,123.0,87.0,,,,gmail.com
3074069,desktop,,0.0,1827244.0,92.697,C,12944.0,,,,,hotmail.com,hotmail.com
3062642,mobile,iOS Device,0.0,1650105.0,50.0,R,6019.0,299.0,87.0,,,anonymous.com,anonymous.com
3015209,desktop,Windows,0.0,702697.0,50.0,S,11282.0,337.0,87.0,,,,gmail.com
3049281,desktop,rv:57.0,0.0,1411360.0,50.0,H,2077.0,296.0,34.0,,,yahoo.com,gmail.com
3079880,desktop,Windows,0.0,1914983.0,150.0,R,15066.0,126.0,87.0,,,gmail.com,hotmail.com
3052984,mobile,SM-G531H Build/LMY48B,0.0,1477620.0,169.653,C,4461.0,,,,,gmail.com,gmail.com
3071235,mobile,iOS Device,0.0,1796781.0,100.0,H,15863.0,310.0,87.0,,,hotmail.com,anonymous.com
3049037,desktop,Windows,0.0,1397474.0,35.0,H,17492.0,251.0,87.0,,,yahoo.com,yahoo.com
3027427,mobile,iOS Device,0.0,1003418.0,50.0,H,9500.0,433.0,87.0,,,yahoo.com,gmail.com
3079404,desktop,MacOS,0.0,1908140.0,150.0,R,8406.0,204.0,87.0,,,gmail.com,gmail.com
3079958,desktop,Windows,0.0,1916464.0,30.782,C,9300.0,,,,48.0,hotmail.com,hotmail.com
3025254,desktop,Windows,0.0,941534.0,50.0,S,7919.0,126.0,87.0,,,,yahoo.com
3035395,desktop,Windows,0.0,1142124.0,15.217,C,4504.0,465.0,60.0,,7.0,yahoo.com.mx,yahoo.com.mx
3037350,desktop,Trident/7.0,0.0,1193555.0,25.0,H,15359.0,325.0,87.0,,,msn.com,
3033489,desktop,rv:11.0,0.0,1110124.0,125.0,R,8292.0,269.0,87.0,,,anonymous.com,anonymous.com
3010941,mobile,Moto G (5) Plus Build/NPN25.137-83,0.0,606877.0,50.0,H,9537.0,272.0,87.0,,,gmail.com,
3076901,,,0.0,1883225.0,100.0,R,18268.0,204.0,87.0,,,yahoo.com,yahoo.com
3084161,desktop,Windows,0.0,1975813.0,50.0,H,16659.0,310.0,87.0,,,hotmail.com,gmail.com
3032376,desktop,Windows,0.0,1096721.0,35.0,H,16075.0,384.0,87.0,,,yahoo.com,
3065925,desktop,MacOS,0.0,1714384.0,30.0,H,6564.0,324.0,87.0,,,gmail.com,yahoo.com
3076586,desktop,Windows,0.0,1880917.0,400.0,R,13488.0,512.0,87.0,,579.0,anonymous.com,gmail.com
3060179,desktop,,0.0,1626313.0,80.804,C,15885.0,,,,,hotmail.com,hotmail.com
3030838,mobile,Ilium L1120 Build/NRD90M,0.0,1044310.0,20.638,C,5812.0,,,,,hotmail.com,hotmail.com
3042466,desktop,rv:11.0,0.0,1288803.0,250.0,R,11040.0,231.0,87.0,,,gmail.com,gmail.com
3038974,mobile,SAMSUNG SM-G950F Build/NRD90M,0.0,1214652.0,55.036,C,8755.0,,,,,gmail.com,gmail.com
2997294,mobile,XT1063,0.0,318807.0,42.596,C,8755.0,,,,,hotmail.com,hotmail.com
3026976,mobile,SM-N950U Build/NMF26X,0.0,972877.0,50.0,H,16706.0,512.0,87.0,,,gmail.com,
3029483,desktop,,0.0,1027672.0,25.069,C,4652.0,504.0,16.0,,,gmail,gmail
3065230,desktop,Trident/7.0,0.0,1707607.0,150.0,R,5097.0,448.0,87.0,,,anonymous.com,anonymous.com
3051443,desktop,Windows,0.0,1456277.0,100.0,H,11653.0,315.0,87.0,,,anonymous.com,
3075181,desktop,Windows,0.0,1867572.0,40.0,H,9500.0,272.0,87.0,,,bellsouth.net,anonymous.com
3043070,desktop,Windows,0.0,1296079.0,50.0,H,15562.0,310.0,87.0,,,cox.net,cox.net
3013202,,,0.0,672044.0,21.51,C,3154.0,239.0,60.0,,,anonymous.com,anonymous.com
3005912,desktop,Trident/7.0,0.0,502485.0,50.0,H,15066.0,184.0,87.0,,,anonymous.com,
2993394,desktop,Windows,0.0,222783.0,50.0,H,12544.0,184.0,87.0,,,gmail.com,
3065794,desktop,rv:11.0,0.0,1712924.0,200.0,R,6019.0,126.0,87.0,,,gmail.com,gmail.com
3077154,mobile,iOS Device,0.0,1885470.0,125.0,R,10616.0,299.0,87.0,,,gmail.com,gmail.com
2987439,mobile,SM-P550 Build/MMB29M,0.0,93729.0,66.885,C,12730.0,,,,,outlook.com,outlook.com
3032009,desktop,Windows,0.0,1091764.0,75.0,H,6019.0,436.0,87.0,,,anonymous.com,
2997505,desktop,MacOS,0.0,322763.0,150.0,H,2039.0,441.0,87.0,,,gmail.com,
3075485,desktop,Trident/7.0,0.0,1870934.0,150.0,R,18132.0,204.0,87.0,,,anonymous.com,anonymous.com
3077697,desktop,MacOS,0.0,1889935.0,40.0,H,6951.0,441.0,87.0,,1.0,hotmail.com,hotmail.com
2990118,mobile,iOS Device,0.0,152524.0,75.0,H,18243.0,299.0,87.0,,,gmail.com,hotmail.com
3010170,desktop,rv:57.0,0.0,595731.0,150.0,R,6054.0,315.0,87.0,,,frontier.com,frontier.com
3086815,desktop,,0.0,2002307.0,37.895,C,9026.0,,,,7.0,hotmail.com,hotmail.com
3042838,mobile,iOS Device,0.0,1293262.0,100.0,R,7876.0,204.0,87.0,,,anonymous.com,anonymous.com
3076265,desktop,Windows,0.0,1878004.0,25.0,H,6730.0,469.0,87.0,,,gmail.com,
3032754,desktop,Windows,0.0,1101532.0,80.0,S,15063.0,220.0,87.0,,3.0,,yahoo.com
3064794,desktop,Windows,0.0,1703823.0,100.0,R,10622.0,330.0,87.0,,,anonymous.com,anonymous.com
3060283,desktop,Windows,0.0,1627171.0,50.0,R,10486.0,315.0,87.0,,36.0,anonymous.com,yahoo.com
2998334,desktop,Windows,0.0,335804.0,81.627,C,1976.0,,,,7.0,hotmail.com,hotmail.com
3031847,mobile,iOS Device,0.0,1089042.0,100.0,H,10616.0,325.0,87.0,,,optonline.net,
3057334,mobile,iOS Device,0.0,1569959.0,450.0,R,10616.0,299.0,87.0,,55.0,anonymous.com,anonymous.com
3046436,mobile,iOS Device,0.0,1365106.0,100.0,R,9500.0,330.0,87.0,,,yahoo.com,hotmail.com
3015602,mobile,iOS Device,0.0,732907.0,100.0,H,3813.0,272.0,87.0,,,gmail.com,
3011310,mobile,iOS Device,0.0,612600.0,250.0,R,9479.0,472.0,87.0,,,gmail.com,hotmail.com
3009275,mobile,HTC U11 Build/NMF26X,0.0,583133.0,108.756,C,15885.0,465.0,60.0,,7.0,yahoo.com.mx,yahoo.com.mx
3074573,desktop,Windows,0.0,1847383.0,150.0,R,5986.0,343.0,87.0,,,yahoo.com,yahoo.com
2994542,desktop,Trident/7.0,0.0,240730.0,50.0,H,10616.0,264.0,87.0,,,yahoo.com,
3074265,mobile,,0.0,1831194.0,29.616,C,9300.0,,,,,live.com,live.com
3008963,desktop,Windows,0.0,578360.0,100.0,H,6019.0,327.0,87.0,,,aol.com,
3032607,desktop,Windows,0.0,1099554.0,150.0,R,16163.0,325.0,87.0,,,anonymous.com,anonymous.com
3082083,desktop,Windows,0.0,1961448.0,400.0,R,10360.0,315.0,87.0,,27.0,anonymous.com,anonymous.com
2994349,desktop,Windows,0.0,237941.0,25.0,H,2616.0,264.0,87.0,,,hotmail.com,
3077180,desktop,Windows,0.0,1885809.0,150.0,R,15063.0,225.0,87.0,,,gmail.com,anonymous.com
3027789,desktop,Windows,0.0,1008251.0,200.0,R,15063.0,204.0,87.0,,,gmail.com,gmail.com
3049536,mobile,iOS Device,0.0,1433241.0,50.0,H,12037.0,231.0,87.0,,,yahoo.com,
3081563,desktop,Windows,0.0,1957923.0,100.0,R,11207.0,126.0,87.0,,,verizon.net,verizon.net
3038781,desktop,,0.0,1211470.0,50.0,H,16659.0,181.0,87.0,,,mac.com,
3004805,desktop,Windows,0.0,486585.0,35.0,S,9613.0,330.0,87.0,,,,yahoo.com
3078213,desktop,Windows,0.0,1894939.0,250.0,R,15427.0,177.0,87.0,,234.0,frontiernet.net,msn.com
3004359,desktop,Windows,0.0,472986.0,25.0,R,5938.0,184.0,87.0,,,gmail.com,gmail.com
3053165,desktop,Windows,0.0,1481363.0,50.0,H,4999.0,299.0,87.0,,,gmail.com,
3035073,mobile,iOS Device,0.0,1133234.0,50.0,H,1790.0,170.0,87.0,,,anonymous.com,
2988021,mobile,iOS Device,0.0,112841.0,50.0,H,7664.0,387.0,87.0,,446.0,yahoo.com,gmail.com
3004386,mobile,LGLS991,0.0,475490.0,25.0,H,16659.0,181.0,87.0,,,gmail.com,hotmail.com
3059155,desktop,MacOS,0.0,1617242.0,150.0,H,4272.0,299.0,87.0,,,yahoo.com,
3071571,desktop,Windows,0.0,1799906.0,100.0,R,1675.0,337.0,87.0,,,yahoo.com,yahoo.com
3025511,desktop,,0.0,944665.0,76.023,C,9633.0,443.0,60.0,,969.0,hotmail.com,hotmail.com
3050743,mobile,iOS Device,0.0,1449109.0,50.0,H,11207.0,325.0,87.0,,,aol.com,
3043427,mobile,LG-X210 Build/LMY47I,0.0,1301085.0,29.616,C,15885.0,,,,,yahoo.com,yahoo.com
3043707,mobile,iOS Device,0.0,1304946.0,25.0,H,8468.0,204.0,87.0,,,yahoo.com,
3009292,desktop,Windows,0.0,583338.0,50.0,H,15316.0,315.0,87.0,,,gmail.com,gmail.com
3070840,desktop,Windows,0.0,1793642.0,625.0,R,8466.0,299.0,87.0,,,anonymous.com,cox.net
3004617,desktop,Windows,0.0,483520.0,25.0,H,7971.0,191.0,87.0,,,gmail.com,
3069275,desktop,,0.0,1778302.0,56.551,C,15885.0,,,,194.0,gmail.com,gmail.com
3037336,mobile,SM-G925T Build/NRD90M,0.0,1193371.0,50.0,H,9400.0,315.0,87.0,,,hotmail.com,
3031050,desktop,,0.0,1048342.0,102.149,C,9633.0,161.0,60.0,,199.0,outlook.com,outlook.com
3022800,mobile,,0.0,868191.0,38.595,C,9635.0,,,,,hotmail.com,hotmail.com
3026670,desktop,Windows,0.0,961868.0,40.0,H,9500.0,204.0,87.0,,,gmail.com,
3043630,desktop,Windows,0.0,1303822.0,75.0,H,13809.0,269.0,87.0,,,aol.com,
3033540,mobile,iOS Device,0.0,1110831.0,100.0,R,18268.0,299.0,87.0,,,hotmail.com,sbcglobal.net
3038540,desktop,Trident/7.0,0.0,1208722.0,100.0,R,9964.0,272.0,87.0,,,bellsouth.net,bellsouth.net
3080325,mobile,F3113 Build/33.3.A.1.97,0.0,1932042.0,55.968,C,4461.0,,,,,gmail.com,gmail.com
3049428,,,0.0,1430153.0,100.0,R,11157.0,204.0,87.0,,,anonymous.com,anonymous.com
3017875,desktop,MacOS,0.0,768639.0,200.0,R,7005.0,310.0,87.0,,,gmail.com,anonymous.com
3049035,desktop,Windows,0.0,1397436.0,8.538,C,15257.0,,,,0.0,outlook.com,outlook.com
3052657,,,0.0,1471803.0,125.0,R,6019.0,264.0,87.0,,,gmail.com,gmail.com
3075614,desktop,Windows,0.0,1872253.0,250.0,R,9803.0,512.0,87.0,,,anonymous.com,anonymous.com
3053130,desktop,Windows,0.0,1480340.0,1000.0,R,1740.0,469.0,87.0,,13.0,anonymous.com,anonymous.com
3073700,desktop,,0.0,1822010.0,28.45,C,15885.0,,,,4.0,hotmail.com,hotmail.com
3080216,mobile,,0.0,1923669.0,38.711,C,15885.0,,,,,yahoo.com.mx,yahoo.com.mx
3045214,desktop,Windows,0.0,1352747.0,50.0,H,7585.0,126.0,87.0,,,gmail.com,gmail.com
3083614,desktop,Windows,0.0,1971548.0,250.0,R,3821.0,299.0,87.0,,,ymail.com,ymail.com
3080218,mobile,ONE TOUCH 4033A Build/JDQ39,0.0,1923771.0,67.162,C,9633.0,,,,,hotmail.com,hotmail.com
3062372,desktop,Windows,0.0,1646891.0,30.0,S,7815.0,123.0,87.0,,,,gmail.com
3066782,mobile,,0.0,1722675.0,10.086,C,12730.0,,,,,hotmail.com,hotmail.com
3017619,desktop,Trident/7.0,0.0,765930.0,200.0,R,3602.0,315.0,87.0,,51.0,yahoo.com,yahoo.com
2989507,desktop,Windows,0.0,146696.0,100.0,S,14479.0,428.0,87.0,,1528.0,,outlook.com
3065058,desktop,Windows,0.0,1706206.0,25.0,S,1804.0,204.0,87.0,,,,gmail.com
3052149,desktop,rv:11.0,0.0,1465231.0,175.0,R,7135.0,126.0,87.0,,,anonymous.com,anonymous.com
3003140,desktop,Windows,0.0,432127.0,250.0,S,15773.0,330.0,87.0,,1.0,,aol.com
3051661,desktop,Windows,0.0,1458847.0,225.0,R,1923.0,269.0,87.0,,,yahoo.com,yahoo.com
3084995,mobile,iOS Device,0.0,1982332.0,100.0,R,1724.0,299.0,87.0,,,gmail.com,gmail.com
3022161,desktop,Windows,0.0,859506.0,100.0,H,9350.0,428.0,87.0,,,gmail.com,
3071329,desktop,Windows,0.0,1797524.0,150.0,R,11157.0,204.0,87.0,,,anonymous.com,anonymous.com
3067160,desktop,,0.0,1726196.0,137.821,C,16346.0,,,,7.0,gmail.com,gmail.com
3014381,mobile,SAMSUNG SM-G920P Build/NRD90M,0.0,687844.0,175.0,H,15066.0,126.0,87.0,,,gmail.com,
3049657,desktop,Windows,0.0,1435748.0,100.0,R,1252.0,337.0,87.0,,17.0,gmail.com,gmail.com
2998053,desktop,Windows,0.0,331005.0,100.0,R,16659.0,204.0,87.0,,,gmail.com,verizon.net
3047721,mobile,BLL-L23 Build/HUAWEIBLL-L23,0.0,1378210.0,6.063,C,15257.0,,,,,hotmail.com,hotmail.com
3032993,desktop,Windows,0.0,1104541.0,75.0,H,1214.0,123.0,87.0,,,aol.com,
3080861,desktop,Trident/7.0,0.0,1951817.0,100.0,H,8503.0,436.0,87.0,,,gmail.com,yahoo.com
2999847,desktop,Trident/7.0,0.0,358985.0,50.0,H,4151.0,269.0,87.0,,,hotmail.com,
3029962,desktop,rv:11.0,0.0,1033224.0,300.0,R,1724.0,315.0,87.0,,,sbcglobal.net,sbcglobal.net
3079917,desktop,,0.0,1915775.0,151.114,C,10086.0,,,,7.0,hotmail.com,hotmail.com
3063876,desktop,,0.0,1693056.0,27.141,C,6741.0,,,,1546.0,gmail.com,gmail.com
3018488,mobile,SM-T550 Build/NMF26X,0.0,776146.0,100.0,H,16659.0,384.0,87.0,,,gmail.com,
3058889,desktop,Windows,0.0,1614857.0,250.0,R,1724.0,315.0,87.0,,,anonymous.com,anonymous.com
3050376,mobile,iOS Device,0.0,1444872.0,100.0,R,7035.0,143.0,87.0,,,gmail.com,yahoo.com
3035006,desktop,Windows,0.0,1132272.0,46.407,C,1976.0,161.0,60.0,,917.0,anonymous.com,anonymous.com
3005322,mobile,iOS Device,0.0,494737.0,20.0,H,5925.0,191.0,87.0,,,gmail.com,gmail.com
3006398,desktop,MacOS,0.0,509217.0,50.0,H,7508.0,315.0,87.0,,,yahoo.com,
3073999,desktop,,0.0,1825899.0,41.022,C,9633.0,,,,7.0,gmail.com,gmail.com
3049067,desktop,Windows,0.0,1398337.0,50.0,H,1724.0,264.0,87.0,,29.0,anonymous.com,anonymous.com
3054315,desktop,Windows,0.0,1531922.0,50.0,H,17321.0,472.0,87.0,,,yahoo.com,
3064557,desktop,Trident/7.0,0.0,1701500.0,200.0,R,6019.0,181.0,87.0,,,anonymous.com,anonymous.com
3004788,desktop,Windows,0.0,486299.0,50.0,H,6021.0,299.0,87.0,,,aol.com,
3039334,desktop,Windows,0.0,1220226.0,20.0,S,9112.0,441.0,87.0,,,,gmail.com
3005203,desktop,MacOS,0.0,492895.0,100.0,H,6019.0,325.0,87.0,,,anonymous.com,
3001093,desktop,Windows,0.0,406413.0,100.0,H,6019.0,204.0,87.0,,,aol.com,
3062677,mobile,SM-T550 Build/NMF26X,0.0,1650641.0,50.0,H,15406.0,327.0,87.0,,,yahoo.com,
3010963,mobile,iOS Device,0.0,607242.0,10.0,S,8287.0,203.0,87.0,,,,yahoo.com
3077812,mobile,iOS Device,0.0,1890856.0,100.0,H,17188.0,299.0,87.0,,,gmail.com,
3084206,desktop,Windows,0.0,1976164.0,60.0,H,12850.0,325.0,87.0,,,att.net,att.net
3017128,desktop,Windows,0.0,759507.0,150.0,R,2249.0,299.0,87.0,,,gmail.com,gmail.com
3074748,desktop,Windows,0.0,1861221.0,29.415,C,14644.0,,,,,gmail.com,gmail.com
3013723,desktop,Windows,0.0,679049.0,18.368,C,13413.0,511.0,60.0,,649.0,hotmail.com,hotmail.com
3005988,desktop,MacOS,0.0,503569.0,75.0,S,3682.0,433.0,87.0,,,,mac.com
3017618,mobile,,0.0,765930.0,50.0,H,11207.0,126.0,87.0,,,hotmail.com,
3014197,desktop,Windows,0.0,684982.0,150.0,H,14318.0,204.0,87.0,,,cfl.rr.com,
3071328,mobile,iOS Device,0.0,1797512.0,75.0,R,9002.0,310.0,87.0,,,cox.net,hotmail.com
2987873,desktop,Windows,0.0,106704.0,25.0,H,12883.0,433.0,87.0,,,gmail.com,
3066815,desktop,Windows,0.0,1723038.0,50.0,H,6194.0,337.0,87.0,,,yahoo.com,
3012871,desktop,Windows,0.0,668118.0,100.0,R,13815.0,184.0,87.0,,,anonymous.com,yahoo.com
3069392,desktop,MacOS,0.0,1780092.0,50.0,S,15066.0,324.0,87.0,,,,anonymous.com
2991188,desktop,Windows,0.0,162913.0,75.0,H,5303.0,325.0,87.0,,,gmail.com,
3077254,mobile,iOS Device,0.0,1886394.0,150.0,H,9803.0,325.0,87.0,,,gmail.com,gmail.com
2997104,desktop,Windows,0.0,315162.0,19.153,C,16136.0,,,,1.0,hotmail.com,hotmail.com
3035378,mobile,LG-X210 Build/LMY47I,0.0,1141069.0,41.743,C,10568.0,,,,,hotmail.com,hotmail.com
3056235,desktop,MacOS,0.0,1555323.0,150.0,R,7279.0,472.0,87.0,,,me.com,me.com
3016050,desktop,Trident/7.0,0.0,745525.0,125.0,R,15066.0,181.0,87.0,,,sbcglobal.net,sbcglobal.net
3024719,mobile,,0.0,934925.0,27.518,C,5812.0,,,,,hotmail.com,hotmail.com
3063483,mobile,Moto G (4) Build/NPJ25.93-14.5,0.0,1678084.0,11.543,C,5812.0,,,,,hotmail.com,hotmail.com
3074222,desktop,Windows,0.0,1830163.0,29.616,C,2256.0,,,,7.0,anonymous.com,anonymous.com
3019659,mobile,iOS Device,0.0,814381.0,50.0,H,5167.0,126.0,87.0,,,hotmail.com,
3059943,desktop,MacOS,0.0,1624380.0,250.0,R,3900.0,536.0,96.0,,,anonymous.com,anonymous.com
3086975,mobile,LG-D693n Build/LRX22G,0.0,2005435.0,91.881,C,15885.0,,,,,hotmail.com,hotmail.com
3075063,desktop,Windows,0.0,1866450.0,500.0,R,7585.0,441.0,87.0,,28.0,anonymous.com,aol.com
3006669,desktop,MacOS,0.0,512694.0,20.0,H,16075.0,494.0,87.0,,,gmail.com,gmail.com
3038266,desktop,Trident/7.0,0.0,1205237.0,25.0,H,12741.0,143.0,87.0,,,gmail.com,gmail.com
3023763,desktop,Windows,0.0,919937.0,75.0,H,10616.0,181.0,87.0,,,gmail.com,
3042167,desktop,iOS Device,0.0,1285172.0,25.0,H,10019.0,264.0,87.0,,,yahoo.com,yahoo.com
3006453,desktop,Windows,0.0,509865.0,100.0,S,17396.0,441.0,87.0,,,,yahoo.com
3063845,desktop,MacOS,0.0,1692642.0,100.0,H,7744.0,308.0,87.0,,,cox.net,cox.net
3061672,mobile,LG-H820 Build/NRD90U,0.0,1640175.0,150.0,R,4272.0,299.0,87.0,,,gmail.com,gmail.com
2997829,desktop,,0.0,327939.0,25.981,C,11965.0,,,,,gmail.com,gmail.com
3080784,desktop,Windows,0.0,1950941.0,50.0,H,8406.0,315.0,87.0,,,gmail.com,gmail.com
3024499,desktop,Windows,0.0,932123.0,75.0,H,16116.0,325.0,87.0,,,yahoo.com,
3038804,desktop,Windows,0.0,1211833.0,20.0,H,15655.0,225.0,87.0,,,gmail.com,gmail.com
3049109,mobile,iOS Device,0.0,1399263.0,100.0,H,9370.0,204.0,87.0,,,bellsouth.net,
3077541,desktop,Windows,0.0,1888739.0,93.81,C,9873.0,,,,,hotmail.com,hotmail.com
3008456,desktop,MacOS,0.0,569303.0,100.0,H,14643.0,325.0,87.0,,,anonymous.com,anonymous.com
3066095,desktop,Windows,0.0,1716071.0,300.0,R,12544.0,337.0,87.0,,,gmail.com,gmail.com
3059544,mobile,iOS Device,0.0,1620803.0,100.0,S,6019.0,325.0,87.0,,,,aol.com
3031377,mobile,Moto G (4) Build/NPJS25.93-14-10,0.0,1056697.0,62.498,C,3887.0,,,,,gmail.com,gmail.com
3068831,mobile,iOS Device,0.0,1752076.0,25.0,H,7207.0,204.0,87.0,,,hotmail.com,
3037203,desktop,Trident/7.0,0.0,1191617.0,100.0,H,16659.0,269.0,87.0,,,gmail.com,gmail.com
3054593,desktop,MacOS,0.0,1535637.0,100.0,H,16659.0,225.0,87.0,,,gmail.com,gmail.com
2992700,desktop,Windows,0.0,180483.0,141.383,C,5812.0,,,,,yahoo.com,yahoo.com
3047572,mobile,SM-G955U Build/NRD90M,0.0,1376834.0,75.0,H,11590.0,264.0,87.0,,,gmail.com,
3050320,mobile,iOS Device,0.0,1444347.0,50.0,H,16659.0,315.0,87.0,,,gmail.com,
3076919,desktop,Windows,0.0,1883367.0,25.0,H,16115.0,476.0,87.0,,,anonymous.com,gmail.com
3071941,mobile,Pixel XL Build/OPM1.171019.011,0.0,1803429.0,300.0,R,3602.0,184.0,87.0,,,anonymous.com,anonymous.com
3013155,desktop,Windows,0.0,671440.0,50.0,H,10486.0,264.0,87.0,,,anonymous.com,
3025263,desktop,Windows,0.0,941655.0,50.0,S,15063.0,441.0,87.0,,,,gmail.com
3012662,desktop,Trident/7.0,0.0,665656.0,100.0,R,18202.0,472.0,87.0,,,anonymous.com,anonymous.com
3007474,desktop,Windows,0.0,523567.0,25.0,H,2334.0,204.0,87.0,,,ymail.com,
3058629,,,0.0,1612482.0,100.0,R,17188.0,299.0,87.0,,,hotmail.com,anonymous.com
3081781,desktop,Windows,0.0,1959546.0,100.0,R,7330.0,325.0,87.0,,,hotmail.com,hotmail.com
3039758,mobile,SM-A720F Build/MMB29K,0.0,1232768.0,34.047,C,5365.0,,,,,gmail.com,gmail.com
3064689,desktop,,0.0,1702815.0,26.818,C,9633.0,,,,199.0,hotmail.com,hotmail.com
3067909,desktop,Windows,0.0,1734463.0,27.401,C,13832.0,,,,243.0,yahoo.com.mx,yahoo.com.mx
3021641,mobile,iOS Device,0.0,853941.0,100.0,R,15063.0,225.0,87.0,,,anonymous.com,anonymous.com
3080167,desktop,Windows,0.0,1921770.0,52.237,C,9633.0,,,,0.0,outlook.com,outlook.com
3029309,desktop,Windows,0.0,1025833.0,75.0,H,6019.0,225.0,87.0,,,gmail.com,
3081470,desktop,Windows,0.0,1957176.0,150.0,R,9803.0,126.0,87.0,,,optonline.net,optonline.net
3057347,desktop,Windows,0.0,1570212.0,28.275,C,11626.0,,,,199.0,gmail.com,gmail.com
3008162,mobile,SM-N950U Build/NMF26X,0.0,542169.0,25.0,H,15066.0,184.0,87.0,,,comcast.net,
2997115,desktop,Windows,0.0,315280.0,100.0,H,16075.0,272.0,87.0,,,gmail.com,
3031400,desktop,Windows,0.0,1057532.0,150.0,H,4822.0,226.0,87.0,,,hotmail.com,
3023020,desktop,Windows,0.0,872540.0,77.38,C,9026.0,508.0,60.0,,7.0,outlook.es,outlook.es
3030850,desktop,Windows,0.0,1044513.0,75.0,H,6635.0,264.0,87.0,,,yahoo.com,sbcglobal.net
3028062,desktop,Trident/7.0,0.0,1011824.0,100.0,R,6739.0,272.0,87.0,,,gmail.com,hotmail.com
3013785,desktop,Windows,0.0,679972.0,100.0,H,13979.0,512.0,87.0,,,anonymous.com,
3025623,desktop,MacOS,0.0,946010.0,30.0,H,16659.0,325.0,87.0,,,gmail.com,
3062890,mobile,iOS Device,0.0,1653423.0,50.0,H,13906.0,325.0,87.0,,,optonline.net,
3056072,desktop,,0.0,1553188.0,41.276,C,5194.0,,,,,gmail.com,gmail.com
3074711,desktop,Windows,0.0,1860170.0,100.0,R,18234.0,231.0,87.0,,6.0,anonymous.com,anonymous.com
3040120,mobile,SM-G950U Build/NRD90M,0.0,1260378.0,150.0,H,2755.0,498.0,87.0,,,gmail.com,
3065237,desktop,Trident/7.0,0.0,1707677.0,100.0,R,6741.0,272.0,87.0,,,anonymous.com,gmail.com
3014419,,,0.0,688465.0,25.0,S,6963.0,337.0,87.0,,,,anonymous.com
3060084,mobile,SAMSUNG SM-J327T1 Build/NRD90M,0.0,1625503.0,50.0,H,17188.0,310.0,87.0,,,gmail.com,
2995086,desktop,rv:11.0,0.0,247677.0,84.044,C,8755.0,,,,,anonymous.com,anonymous.com
3064902,desktop,rv:11.0,0.0,1704715.0,40.81,C,16062.0,,,,385.0,hotmail.com,hotmail.com
3036281,desktop,Windows,0.0,1181376.0,50.0,H,5938.0,337.0,87.0,,,msn.com,msn.com
3069027,mobile,iOS Device,0.0,1771863.0,75.0,H,1893.0,330.0,87.0,,,comcast.net,
3032463,desktop,Windows,0.0,1097700.0,50.0,S,9013.0,330.0,87.0,,13.0,,anonymous.com
3066745,mobile,iOS Device,0.0,1722265.0,100.0,R,2103.0,225.0,87.0,,,gmail.com,gmail.com
3018853,,,0.0,780996.0,12.593,C,4461.0,,,,,live.com.mx,live.com.mx
3078257,mobile,iOS Device,0.0,1895372.0,150.0,R,6730.0,469.0,87.0,,136.0,gmail.com,gmail.com
3046569,desktop,Windows,0.0,1366436.0,10.0,S,8695.0,337.0,87.0,,,,gmail.com
3014723,desktop,Windows,0.0,693492.0,75.0,H,3821.0,191.0,87.0,,,gmail.com,
3053803,mobile,SM-N950U Build/NMF26X,0.0,1524409.0,40.0,H,9994.0,204.0,87.0,,,gmail.com,
3075210,desktop,MacOS,0.0,1867976.0,100.0,R,5714.0,315.0,87.0,,,anonymous.com,aol.com
3071330,desktop,Windows,0.0,1797528.0,175.0,R,13108.0,191.0,87.0,,,comcast.net,comcast.net
3086941,mobile,Moto G (5S,0.0,2004755.0,23.903,C,15885.0,,,,,hotmail.com,hotmail.com
3049646,desktop,Windows,0.0,1435489.0,50.0,H,10960.0,184.0,87.0,,,gmail.com,gmail.com
3044339,desktop,Trident/7.0,0.0,1331435.0,100.0,R,12544.0,337.0,87.0,,6.0,yahoo.com,yahoo.com
3009779,mobile,,0.0,590404.0,15.0,S,2263.0,441.0,87.0,,,,gmail.com
3008903,desktop,rv:11.0,0.0,577540.0,50.0,H,17188.0,299.0,87.0,,,verizon.net,verizon.net
3076137,desktop,Windows,0.0,1876888.0,30.0,H,6019.0,299.0,87.0,,,gmail.com,anonymous.com
3021788,mobile,iOS Device,0.0,855030.0,400.0,R,10486.0,299.0,87.0,,,gmail.com,aol.com
3029481,desktop,Windows,0.0,1027660.0,300.0,R,10486.0,441.0,87.0,,15.0,gmail.com,anonymous.com
3073304,desktop,Trident/7.0,0.0,1816860.0,350.0,R,2157.0,191.0,87.0,,,gmail.com,gmail.com
3005136,desktop,Windows,0.0,491813.0,10.0,S,1675.0,330.0,87.0,,23.0,,comcast.net
3049717,desktop,Windows,0.0,1436693.0,100.0,H,11027.0,184.0,87.0,,,yahoo.com,
3061269,desktop,Windows,0.0,1636394.0,100.0,H,7585.0,204.0,87.0,,,gmail.com,yahoo.com
2997454,,,0.0,321784.0,200.0,R,16659.0,264.0,87.0,,,comcast.net,verizon.net
3033351,mobile,iOS Device,0.0,1108426.0,100.0,H,12156.0,296.0,32.0,,,anonymous.com,
3029472,desktop,MacOS,0.0,1027539.0,25.0,H,13857.0,325.0,87.0,,,gmail.com,
3075808,desktop,Windows,0.0,1874066.0,150.0,R,17151.0,343.0,87.0,,,anonymous.com,anonymous.com
3069673,desktop,rv:11.0,0.0,1783279.0,50.0,R,6174.0,387.0,87.0,,2.0,yahoo.com,yahoo.com
3080457,desktop,Trident/7.0,0.0,1944307.0,100.0,R,5393.0,126.0,87.0,,13.0,anonymous.com,anonymous.com
3032149,mobile,iOS Device,0.0,1093693.0,25.0,H,2242.0,387.0,87.0,,,yahoo.com,
3049050,desktop,Windows,0.0,1397895.0,50.0,H,18268.0,469.0,87.0,,,gmail.com,
3016608,desktop,Windows,0.0,753117.0,15.0,H,17601.0,205.0,87.0,,,gmail.com,
3076807,mobile,,0.0,1882594.0,76.023,C,7698.0,,,,7.0,gmail.com,gmail.com
3044512,mobile,iOS Device,0.0,1342457.0,150.0,R,14441.0,387.0,87.0,,54.0,hotmail.com,anonymous.com
3081481,desktop,Trident/7.0,0.0,1957244.0,400.0,R,7050.0,387.0,87.0,,,anonymous.com,anonymous.com
3050898,desktop,,0.0,1450751.0,29.616,C,18268.0,,,,,yahoo.com,yahoo.com
3015424,desktop,Windows,0.0,710028.0,25.0,H,6439.0,384.0,87.0,,,gmail.com,
3019591,desktop,MacOS,0.0,801305.0,100.0,S,1724.0,299.0,87.0,,7.0,,yahoo.com
3050146,mobile,iOS Device,0.0,1442329.0,65.0,H,2455.0,220.0,87.0,,,cox.net,
3055647,desktop,,0.0,1548154.0,6.297,C,10568.0,,,,68.0,hotmail.com,hotmail.com
3033635,,,0.0,1112380.0,100.0,R,14998.0,143.0,87.0,,,anonymous.com,anonymous.com
3063859,desktop,Windows,0.0,1692743.0,34.105,C,3154.0,,,,199.0,gmail.com,gmail.com
3025021,desktop,MacOS,0.0,938540.0,25.0,H,1724.0,315.0,87.0,,,anonymous.com,
3050722,mobile,iOS Device,0.0,1448789.0,75.0,H,1333.0,387.0,87.0,,,yahoo.com,
3031383,mobile,Moto G (4) Build/NPJS25.93-14-10,0.0,1056895.0,62.498,C,2256.0,,,,,gmail.com,gmail.com
3020496,desktop,MacOS,0.0,839642.0,55.0,S,11862.0,330.0,87.0,,,,gmail.com
3074716,desktop,Trident/7.0,0.0,1860361.0,100.0,R,1339.0,272.0,87.0,,,bellsouth.net,bellsouth.net
3035682,desktop,MacOS,0.0,1169864.0,375.0,R,15063.0,264.0,87.0,,148.0,sbcglobal.net,anonymous.com
3075667,,,0.0,1872834.0,25.0,H,7207.0,204.0,87.0,,,gmail.com,gmail.com
3047152,mobile,SM-G930V Build/NRD90M,0.0,1372348.0,50.0,H,2573.0,330.0,87.0,,,msn.com,
3040300,desktop,Windows,0.0,1263611.0,50.0,S,10486.0,325.0,87.0,,,,hotmail.com
3076886,desktop,Windows,0.0,1883155.0,400.0,R,16075.0,441.0,87.0,,,yahoo.com,anonymous.com
3025727,desktop,Windows,0.0,947626.0,150.0,H,7585.0,330.0,87.0,,,aol.com,aol.com
3010264,desktop,Windows,0.0,596775.0,50.0,H,13780.0,441.0,87.0,,,gmail.com,
2989066,desktop,Windows,0.0,142215.0,5.0,S,1675.0,330.0,87.0,,23.0,,comcast.net
3017140,,,0.0,759662.0,25.0,H,8776.0,205.0,87.0,,,att.net,
3004467,mobile,iOS Device,0.0,479710.0,50.0,H,8223.0,327.0,87.0,,,yahoo.com,
3061556,mobile,iOS Device,0.0,1638933.0,100.0,R,16075.0,177.0,87.0,,,yahoo.com,anonymous.com
3012468,desktop,Windows,0.0,662947.0,13.051,C,3489.0,521.0,96.0,,,anonymous.com,anonymous.com
3058340,desktop,Windows,0.0,1609253.0,50.0,H,17430.0,325.0,87.0,,,gmail.com,gmail.com
3064872,desktop,Windows,0.0,1704488.0,50.0,H,6019.0,485.0,87.0,,,gmail.com,gmail.com
3073684,mobile,iOS Device,0.0,1821828.0,25.0,H,6019.0,472.0,87.0,,,gmail.com,gmail.com
3086979,mobile,Lenovo TAB 2 A7-30GC Build/KOT49H,0.0,2005560.0,34.63,C,9633.0,,,,7.0,gmail.com,gmail.com
3015257,desktop,,0.0,703952.0,18.19,C,15885.0,161.0,60.0,,413.0,hotmail.com,hotmail.com
